cluster,host_name
cluster_B,host_1
cluster_B,host_10
cluster_B,host_11
cluster_B,host_12
cluster_B,host_13
cluster_B,host_14
cluster_B,host_15
cluster_B,host_16
cluster_B,host_17
cluster_B,host_18
cluster_B,host_19
cluster_B,host_2
cluster_B,host_20
cluster_B,host_21
cluster_B,host_22
cluster_B,host_23
cluster_B,host_24
cluster_B,host_25
cluster_B,host_26
cluster_B,host_27
cluster_B,host_28
cluster_B,host_29
cluster_B,host_3
cluster_B,host_30
cluster_B,host_31
cluster_B,host_32
cluster_B,host_33
cluster_B,host_34
cluster_B,host_35
cluster_B,host_36
cluster_B,host_37
cluster_B,host_38
cluster_B,host_39
cluster_B,host_4
cluster_B,host_40
cluster_B,host_41
cluster_B,host_42
cluster_B,host_43
cluster_B,host_44
cluster_B,host_45
cluster_B,host_46
cluster_B,host_47
cluster_B,host_48
cluster_B,host_49
cluster_B,host_5
cluster_B,host_50
cluster_B,host_51
cluster_B,host_52
cluster_B,host_53
cluster_B,host_54
cluster_B,host_55
cluster_B,host_56
cluster_B,host_57
cluster_B,host_58
cluster_B,host_59
cluster_B,host_6
cluster_B,host_60
cluster_B,host_61
cluster_B,host_62
cluster_B,host_63
cluster_B,host_64
cluster_B,host_65
cluster_B,host_66
cluster_B,host_67
cluster_B,host_68
cluster_B,host_69
cluster_B,host_7
cluster_B,host_70
cluster_B,host_71
cluster_B,host_72
cluster_B,host_73
cluster_B,host_74
cluster_B,host_75
cluster_B,host_76
cluster_B,host_77
cluster_B,host_78
cluster_B,host_79
cluster_B,host_8
cluster_B,host_80
cluster_B,host_81
cluster_B,host_82
cluster_B,host_83
cluster_B,host_84
cluster_B,host_85
cluster_B,host_86
cluster_B,host_87
cluster_B,host_88
cluster_B,host_89
cluster_B,host_9
cluster_B,host_90
cluster_B,host_91
cluster_B,host_92
cluster_B,host_93
cluster_B,host_94
